x,y,z
0.0,0.0,0.0
0.0005002530390818927,1.5736832291852153e-05,0.003003003003003003
0.0009990217990594706,6.291620625073267e-05,0.006006006006006006
0.001494824447139151,0.0001414447992907301,0.009009009009009009
0.001986184039762099,0.00025116722758818024,0.012012012012012012
0.002471630958759117,0.0003918662765979922,0.015015015015015015
0.002949705337362607,0.0005632632233508623,0.018018018018018018
0.0034189594727146917,0.0007650182501063655,0.021021021021021023
0.0038779602215277672,0.0009967309488163828,0.024024024024024024
0.004325291375575178,0.0012579409157334688,0.02702702702702703
0.004759556013715342,0.0015481284353797242,0.03003003003003003
0.005179378827182543,0.0018667152529736875,0.03303303303303303
0.0055834084149115745,0.0022130654342957952,0.036036036036036036
0.005970319545701584,0.002586486311857291,0.03903903903903904
0.006338815384066654,0.002986229516123171,0.042042042042042045
0.006687629676666879,0.0034114920904270074,0.04504504504504504
0.0070155288962639294,0.003861417688104486,0.04804804804804805
0.007321314340199115,0.004335097850263186,0.05105105105105105
0.007603824180450003,0.004831573362498941,0.05405405405405406
0.007861935462383273,0.0053498356887639155,0.057057057057057055
0.008094566049386936,0.00588882848048854,0.06006006006006006
0.008300676510634057,0.006447449158958907,0.06306306306306306
0.008479271949302696,0.007024550568853084,0.06606606606606606
0.008629403768652752,0.007618942700744226,0.06906906906906907
0.008750171373439771,0.008229394480285656,0.07207207207207207
0.008840723804228384,0.00885463562170301,0.07507507507507508
0.008900261302253807,0.009493358543131582,0.07807807807807808
0.00892803680256867,0.010144220341253032,0.08108108108108109
0.008923357353304151,0.010805844822604754,0.08408408408408409
0.008885585458969118,0.011476824588857716,0.08708708708708708
0.008814140345808089,0.012155723173284444,0.09009009009009009
0.008708499147339,0.012841077225567899,0.09309309309309309
0.008568198008293922,0.01353139874203512,0.0960960960960961
0.008392833105290784,0.014225177338335643,0.0990990990990991
0.008182061582671074,0.014920882561525137,0.1021021021021021
0.007935602402047543,0.015616966238458428,0.10510510510510511
0.00765323710421708,0.016311864857344083,0.10810810810810811
0.007334810482206609,0.017004001979264334,0.1111111111111111
0.006980231164334676,0.017691790676419898,0.11411411411411411
0.006589472106287237,0.018373635993819134,0.11711711711711711
0.006162570991323879,0.01904793743109463,0.12012012012012012
0.005699630537849428,0.019713091441098677,0.12312312312312312
0.005200818713705758,0.02036749394190104,0.12612612612612611
0.004666368856659623,0.021009542838789027,0.12912912912912913
0.004096579700683908,0.02163764055285066,0.13213213213213212
0.003491815307752203,0.022250196552706717,0.13513513513513514
0.0028525049049894593,0.02284562988594666,0.13813813813813813
0.002179142627144789,0.023422371706817505,0.14114114114114115
0.0014722871644760691,0.02397886779671222,0.14414414414414414
0.0007325613162594675,0.02451358107400722,0.14714714714714713
-3.934854973935526e-05,0.025024994089804742,0.15015015015015015
-0.0008426931313722642,0.025511611506147412,0.15315315315315314
-0.0016766609192111807,0.02597196255328761,0.15615615615615616
-0.002540379015940544,0.026404603462613946,0.15915915915915915
-0.0034329140472129397,0.026808119871861536,0.16216216216216217
-0.004353273163019894,0.027181129199260957,0.16516516516516516
-0.00530040512851017,0.027522282983313502,0.16816816816816818
-0.00627320150306903,0.027830269184917322,0.17117117117117117
-0.007270497906354603,0.028103814448610053,0.17417417417417416
-0.008291075369871276,0.028341686319738817,0.17717717717717718
-0.009333661772545675,0.028542695414417764,0.18018018018018017
-0.010396933358658208,0.028705697539186836,0.1831831831831832
-0.011479516336371703,0.028829595757342587,0.18618618618618618
-0.012579988554990611,0.028913342398973394,0.1891891891891892
-0.013696881258976383,0.028955941011796313,0.1921921921921922
-0.014828680916641418,0.028956448249961908,0.19519519519519518
-0.0159738311213405,0.02891397569806589,0.1981981981981982
-0.01713073456288007,0.028827691627682648,0.2012012012012012
-0.018297755066768336,0.02869682268381538,0.2042042042042042
-0.019473219698834962,0.02852065549874098,0.2072072072072072
-0.020655420932658042,0.02829853823081405,0.21021021021021022
-0.021842618877147422,0.0280298820258843,0.2132132132132132
-0.023033043561548998,0.027714162399074486,0.21621621621621623
-0.024224897275051716,0.027350920534761923,0.21921921921921922
-0.02541635695810124,0.02693976450270551,0.2222222222222222
-0.026605576642448885,0.026480370388361603,0.22522522522522523
-0.027790689936892456,0.025972483335536718,0.22822822822822822
-0.02896981255559833,0.02541591849963163,0.23123123123123124
-0.03014104488582919,0.024810561909840823,0.23423423423423423
-0.031302474591841926,0.024156371238782982,0.23723723723723725
-0.03245217925166335,0.023453376478151725,0.24024024024024024
-0.033588229023399,0.02270168051909171,0.24324324324324326
-0.034708689337681474,0.02190145963612315,0.24624624624624625
-0.035811623612820614,0.02105296387355687,0.24924924924924924
-0.03689509598917743,0.020156517333463478,0.25225225225225223
-0.03795717407924767,0.01921251836438242,0.2552552552552553
-0.038995931729908825,0.018221439650081068,0.25825825825825827
-0.04000945179325778,0.017183828197798484,0.26126126126126126
-0.04099582890244197,0.016100305225535173,0.26426426426426425
-0.04195317224886938,0.014971565948076682,0.2672672672672673
-0.042879608357167864,0.01379837926156682,0.2702702702702703
-0.04377328385425458,0.012581587326574464,0.2732732732732733
-0.0446323682288711,0.011322105049726852,0.27627627627627627
-0.04545505657793893,0.010020919464110812,0.27927927927927926
-0.04623957233609385,0.008679089008772923,0.2822822822822823
-0.0469841699847658,0.007297742707778048,0.2852852852852853
-0.047687137737183666,0.005878079249415366,0.2882882882882883
-0.04834680019570167,0.004421365966268361,0.2912912912912913
-0.04896152097786574,0.0029289377169943007,0.29429429429429427
-0.04952970530766458,0.0014021956707851399,0.2972972972972973
-0.05004980256844074,-0.00015739400439121335,0.3003003003003003
-0.05052030881397223,-0.001748301548545315,0.3033033033033033
-0.05093976923427484,-0.003368935110067699,0.3063063063063063
-0.05130678057271883,-0.005017642338305891,0.30930930930930933
-0.0516199934911025,-0.006692712066723885,0.3123123123123123
-0.05187811487937733,-0.00839237608493128,0.3153153153153153
-0.05207991010677586,-0.010114810997750166,0.3183183183183183
-0.05222420521115507,-0.011858140169372748,0.3213213213213213
-0.05230988902343237,-0.013620435750547309,0.32432432432432434
-0.05233591522406073,-0.015399720786618066,0.32732732732732733
-0.052301304328562344,-0.01719397140413606,0.3303303303303303
-0.052205145599217136,-0.019001119073648234,0.3333333333333333
-0.052046598880083124,-0.020819052946169998,0.33633633633633636
-0.051824896352610124,-0.02264562226074166,0.33933933933933935
-0.05153934420919608,-0.02447863882037297,0.34234234234234234
-0.05118932424212712,-0.026315879533580635,0.34534534534534533
-0.05077429534543731,-0.028155089018632895,0.3483483483483483
-0.05029379492732224,-0.029993982267524723,0.35135135135135137
-0.04974744023084249,-0.031830247366619394,0.35435435435435436
-0.04913492956075685,-0.03366154827081167,0.35735735735735735
-0.0484560434144339,-0.03548552762798545,0.36036036036036034
-0.047710645514899654,-0.037299809650464824,0.3633633633633634
-0.04689868374419347,-0.03910200303008468,0.3663663663663664
-0.04602019097531906,-0.0408897038934387,0.36936936936936937
-0.04507528580119653,-0.04266049879379861,0.37237237237237236
-0.04406417315914145,-0.04441196773613789,0.37537537537537535
-0.04298714484952008,-0.0461416872316374,0.3783783783783784
-0.041844579947354806,-0.047847233377998115,0.3813813813813814
-0.04063694510577957,-0.04952618496183976,0.3843843843843844
-0.03936479475037569,-0.051176126579418085,0.38738738738738737
-0.038028771163546554,-0.052794651771858096,0.39039039039039036
-0.03662960445822228,-0.05437936617106401,0.3933933933933934
-0.035168112440319005,-0.05592789065243642,0.3963963963963964
-0.0336452003595094,-0.05743786449050492,0.3993993993993994
-0.0320618605479996,-0.05890694851355907,0.4024024024024024
-0.03041917194714011,-0.060332828253349215,0.40540540540540543
-0.02871829952183716,-0.061713217085914394,0.4084084084084084
-0.02696049356286822,-0.06304585935958863,0.4114114114114114
-0.025147088877340948,-0.06432853350623616,0.4144144144144144
-0.023279503867675685,-0.06555905513176691,0.4174174174174174
-0.021359239499626342,-0.0667352800819936,0.42042042042042044
-0.019387878159994563,-0.06785510747990227,0.42342342342342343
-0.0173670824048283,-0.06891648273042623,0.4264264264264264
-0.01529859359903289,-0.06991740048883555,0.4294294294294294
-0.013184230448460343,-0.07085590758887958,0.43243243243243246
-0.011025887425675581,-0.07173010592685362,0.43543543543543545
-0.008825533090736505,-0.07253815529779478,0.43843843843843844
-0.0065852083084548,-0.07327827618005421,0.44144144144144143
-0.00430702436373898,-0.07394875246453837,0.4444444444444444
-0.0019931609767518733,-0.0745479341249611,0.44744744744744747
0.00035413578025767276,-0.07507423982550405,0.45045045045045046
0.0027325556624594248,-0.0755261594623419,0.45345345345345345
0.005139726526168909,-0.07590225663555142,0.45645645645645644
0.007573216694559673,-0.07620117104799336,0.4594594594594595
0.010030537413000447,-0.07642162082782646,0.4624624624624625
0.012509145391540818,-0.0765624047713913,0.46546546546546547
0.01500644543194863,-0.07662240450328092,0.46846846846846846
0.017519793136592247,-0.07660058655050143,0.47147147147147145
0.02004649769634736,-0.07649600432771364,0.4744744744744745
0.022583824754599288,-0.0763078000306403,0.4774774774774775
0.02512899934431061,-0.07603520643481988,0.4804804804804805
0.02767920889501565,-0.07567754859698832,0.48348348348348347
0.030231606306511494,-0.07523424545647374,0.4864864864864865
0.03278331308591449,-0.07470481133409788,0.4894894894894895
0.03533142254466366,-0.074088857326187,0.4924924924924925
0.03787300305196244,-0.07338609259141078,0.4954954954954955
0.0404051013410658,-0.07259632552828477,0.4984984984984985
0.042924745864742174,-0.07171946484129119,0.5015015015015015
0.04542895019616031,-0.07075552049369792,0.5045045045045045
0.04791471647138208,-0.06970460454527957,0.5075075075075075
0.050379038869571686,-0.06856693187327514,0.5105105105105106
0.05281890712697136,-0.06734282077504601,0.5135135135135135
0.05523131008063262,-0.06603269345103253,0.5165165165165165
0.05761323923783709,-0.06463707636674329,0.5195195195195195
0.05996169236709417,-0.06315660049264724,0.5225225225225225
0.062273677106553044,-0.06159200142098079,0.5255255255255256
0.06454621458562992,-0.05994411935862084,0.5285285285285285
0.06677634305561413,-0.058213898995318494,0.5315315315315315
0.06896112152498378,-0.0564023892467338,0.5345345345345346
0.07109763339513966,-0.054510742871854354,0.5375375375375375
0.073182990092242,-0.052540215964529124,0.5405405405405406
0.07521433469081772,-0.050492167318997645,0.5435435435435435
0.07718884552479985,-0.0483680576694376,0.5465465465465466
0.07910373978164699,-0.04616944880370991,0.5495495495495496
0.08095627707519702,-0.043898002551622996,0.5525525525525525
0.08274376299290857,-0.041555479648190896,0.5555555555555556
0.08446355261315427,-0.039143738472509446,0.5585585585585585
0.08611305398824591,-0.03666473366302023,0.5615615615615616
0.08768973158888722,-0.03412051461008681,0.5645645645645646
0.08919110970577819,-0.03151322382695148,0.5675675675675675
0.09061477580412258,-0.02884509520028981,0.5705705705705706
0.0919583838268243,-0.02611845212173026,0.5735735735735735
0.09321965744220066,-0.02333570550184623,0.5765765765765766
0.09439639323208165,-0.020499351668280288,0.5795795795795796
0.09548646381621721,-0.017611970149797002,0.5825825825825826
0.0964878209089677,-0.014676221348206979,0.5855855855855856
0.09739849830431184,-0.011694844100245322,0.5885885885885885
0.09821661478527285,-0.008670653131621218,0.5915915915915916
0.09894037695392985,-0.005606536405601081,0.5945945945945946
0.09956808197825835,-0.002505452368611607,0.5975975975975976
0.10009812025212045,0.0006295729045113028,0.6006006006006006
0.10052897796480899,0.003795448662873994,0.6036036036036037
0.10085923957663842,0.0069890225265998186,0.6066066066066066
0.10108759019716594,0.010207083625620676,0.6096096096096096
0.10121281786272397,0.013446365827060611,0.6126126126126126
0.10123381571004549,0.01670355104797011,0.6156156156156156
0.10114958404286818,0.01997527265005051,0.6186186186186187
0.10095923228851314,0.023258118912901603,0.6216216216216216
0.10066198084154539,0.026548636582214465,0.6246246246246246
0.1002571627917415,0.029843334489227328,0.6276276276276276
0.09974422553370887,0.03313868723766544,0.6306306306306306
0.09912273225562539,0.036431138954283626,0.6336336336336337
0.09839236330469572,0.03971710709904503,0.6366366366366366
0.0975529174270508,0.0429929863308748,0.6396396396396397
0.09660431287995083,0.04625515242484752,0.6426426426426426
0.09554658841428915,0.04949996623658724,0.6456456456456456
0.09437990412553386,0.052723777709582115,0.6486486486486487
0.09310454217138579,0.055922929921049164,0.6516516516516516
0.09172090735457768,0.05909376316191459,0.6546546546546547
0.09022952756938585,0.062232619046417005,0.6576576576576577
0.0886310541105754,0.06533584464678505,0.6606606606606606
0.08692626184365108,0.06839979664839023,0.6636636636636637
0.08511604923544207,0.07142084552072649,0.6666666666666666
0.08320143824419989,0.07439537969953394,0.6696696696696697
0.08118357406855112,0.07731980977534071,0.6726726726726727
0.07906372475479986,0.08019057268367402,0.6756756756756757
0.07684328066223722,0.08300413589216239,0.6786786786786787
0.07452375378627685,0.08575700157973035,0.6816816816816816
0.07210677693939324,0.08844571080307763,0.6846846846846847
0.06959410279000641,0.09106684764562048,0.6876876876876877
0.06698760275961584,0.09361704334407338,0.6906906906906907
0.06428926577865059,0.09609298038785043,0.6936936936936937
0.061501196901668144,0.09849139658647146,0.6966966966966966
0.058625615782693846,0.10080908910017439,0.6996996996996997
0.05566485501165915,0.10304291842895122,0.7027027027027027
0.052621358313057746,0.10518981235525093,0.7057057057057057
0.04949767860810047,0.10724676983562208,0.7087087087087087
0.046296475941814345,0.10921086483660085,0.7117117117117117
0.04302051527668576,0.11107925011019536,0.7147147147147147
0.039672664154613235,0.11284916090435833,0.7177177177177178
0.03625589022908798,0.11451791860389539,0.7207207207207207
0.03277325866967944,0.11608293429731165,0.7237237237237237
0.02922792944105843,0.1175417122651606,0.7267267267267268
0.02562315445893978,0.11889185338552938,0.7297297297297297
0.02196227462548038,0.12013105845236483,0.7327327327327328
0.01824871674681735,0.1212571314024233,0.7357357357357357
0.014485990335571713,0.12226798244671194,0.7387387387387387
0.010677684301295516,0.12316163110237385,0.7417417417417418
0.006827463531972063,0.12393620912106583,0.7447447447447447
0.002939065369821514,0.12458996330997338,0.7477477477477478
-0.000983704015198529,0.12512125824171005,0.7507507507507507
-0.0049369733506871155,0.12552857884945742,0.7537537537537538
-0.008916810082233656,0.12581053290381078,0.7567567567567568
-0.012919224285229234,0.12596585336791497,0.7597597597597597
-0.016940172664160338,0.1259934006275931,0.7627627627627628
-0.020975562635376768,0.1258921645932969,0.7657657657657657
-0.025021256489214872,0.12566126667083594,0.7687687687687688
-0.0290730756272451,0.12529996159797555,0.7717717717717718
-0.03312680487030956,0.12480763914413148,0.7747747747747747
-0.0371781968329191,0.12418382567052633,0.7777777777777778
-0.041222976359472835,0.12342818554832174,0.7807807807807807
-0.04525684501768895,0.12254052243238209,0.7837837837837838
-0.04927548564453255,0.12152078038848078,0.7867867867867868
-0.05327456693985774,0.12036904487191125,0.7897897897897898
-0.05724974810290149,0.11908554355562034,0.7927927927927928
-0.06119668350668869,0.1176706470061462,0.7957957957957958
-0.06511102740535571,0.11612486920579747,0.7987987987987988
-0.06898843866932745,0.11444886791968134,0.8018018018018018
-0.07282458554323422,0.11264344490635063,0.8048048048048048
-0.07661515042140277,0.11070954597101093,0.8078078078078078
-0.08035583463571433,0.10864826086039743,0.8108108108108109
-0.08404236325057918,0.10646082299860644,0.8138138138138138
-0.08767048985975225,0.10414860906333638,0.8168168168168168
-0.09123600137968021,0.10171313840217135,0.8198198198198198
-0.09473472283405361,0.09915607228871562,0.8228228228228228
-0.09816252212422194,0.09647921301856316,0.8258258258258259
-0.1015153147801161,0.09368450284526932,0.8288288288288288
-0.10478906868633021,0.09077402275665983,0.8318318318318318
-0.10797980877799945,0.0877499910920075,0.8348348348348348
-0.11108362170114078,0.08461476200076593,0.8378378378378378
-0.11409666043211752,0.0813708237437485,0.8408408408408409
-0.11701514885092253,0.0780207968378064,0.8438438438438438
-0.11983538626299946,0.0745674320452384,0.8468468468468469
-0.12255375186434467,0.07101360820935568,0.8498498498498499
-0.12516670914468633,0.06736232993778077,0.8528528528528528
-0.12767081022356525,0.06361672513525862,0.8558558558558559
-0.13006270011420543,0.05978004238791267,0.8588588588588588
-0.13233912091011085,0.05585564820106513,0.8618618618618619
-0.1344969158893891,0.051847024092906216,0.8648648648648649
-0.13653303353187177,0.0477577635464675,0.8678678678678678
-0.13844453144417151,0.04359156882252643,0.8708708708708709
-0.1402285801878992,0.03935224763622658,0.8738738738738738
-0.14188246700634619,0.035043709700369845,0.8768768768768769
-0.14340359944502779,0.03066996313849209,0.8798798798798799
-0.14478950886158107,0.026235110770993653,0.8828828828828829
-0.14603785382060994,0.02174334627774847,0.8858858858858859
-0.14714642336917672,0.01719895024077497,0.8888888888888888
-0.14811314018875393,0.012606286070683882,0.8918918918918919
-0.14893606361956163,0.007969795820786385,0.8948948948948949
-0.14961339255334288,0.003293995892864153,0.8978978978978979
-0.1501434681907524,-0.001416527361245796,0.9009009009009009
-0.1505247766596668,-0.006157122137964867,0.9039039039039038
-0.15075595149086027,-0.01092307577578454,0.9069069069069069
-0.1508357759476296,-0.015709619440024167,0.9099099099099099
-0.15076318520609736,-0.020511932893894625,0.9129129129129129
-0.15053726838307158,-0.02532514935107984,0.9159159159159159
-0.1501572704084915,-0.030144360404963908,0.918918918918919
-0.14962259373964826,-0.03496462102950821,0.9219219219219219
-0.14893279991452776,-0.03978095464668945,0.924924924924925
-0.1480876109417878,-0.044588358255313446,0.9279279279279279
-0.14708691052505038,-0.04938180761592365,0.9309309309309309
-0.14593074511935797,-0.05415626248644781,0.933933933933934
-0.14461932481782028,-0.05890667190313523,0.9369369369369369
-0.1431530240666498,-0.06362797950127598,0.93993993993994
-0.14153238220696931,-0.06831512887011003,0.9429429429429429
-0.13975810384195259,-0.07296306893628574,0.9459459459459459
-0.1378310590280432,-0.07756675937016475,0.948948948948949
-0.13575228328918812,-0.08212117600921688,0.9519519519519519
-0.13352297745320166,-0.08662131629271375,0.954954954954955
-0.13114450730957744,-0.09106220470187691,0.9579579579579579
-0.12861840308824432,-0.09543889819962328,0.960960960960961
-0.12594635875896773,-0.09974649166400468,0.963963963963964
-0.12313023115127995,-0.10398012330943897,0.9669669669669669
-0.12017203889502752,-0.10813498008980053,0.96996996996997
-0.11707396118181483,-0.11220630307743988,0.972972972972973
-0.1138383363478172,-0.11618939281220309,0.975975975975976
-0.11046766027863789,-0.12007961461452339,0.978978978978979
-0.10696458463707584,-0.12387240385667286,0.9819819819819819
-0.10333191491486961,-0.12756327118628147,0.984984984984985
-0.09957260830967526,-0.1311478076962572,0.987987987987988
-0.09568977142873937,-0.13462169003526847,0.990990990990991
-0.0916866578209072,-0.137980685453001,0.993993993993994
-0.08756666533882082,-0.14122065677442835,0.996996996996997
-0.08333333333333355,-0.1443375672974063,1.0
-0.0789903396823697,-0.14732748560794576,1.003003003003003
-0.07454149765664887,-0.15018659030758794,1.006006006006006
-0.06999075262486867,-0.15291117464738058,1.009009009009009
-0.0653421786011405,-0.1554976510630234,1.012012012012012
-0.06059997463764723,-0.1579425556058388,1.015015015015015
-0.05576846106567009,-0.16024255226431483,1.018018018018018
-0.05085207558831644,-0.1623944371710584,1.021021021021021
-0.045855369228450016,-0.16439514269010214,1.024024024024024
-0.04078300213549687,-0.16624174137961392,1.027027027027027
-0.03563973925497376,-0.1679314498251704,1.03003003003003
-0.03043044586474118,-0.1694616323388783,1.033033033033033
-0.025160082982153352,-0.17082980451974744,1.0360360360360361
-0.019833702646432094,-0.17203363667085203,1.039039039039039
-0.014456443080735147,-0.17307095706895237,1.042042042042042
-0.009033523738564342,-0.1739397550823858,1.045045045045045
-0.0035702402392629785,-0.1746381841331883,1.048048048048048
0.0019280408024639926,-0.17516456449955098,1.0510510510510511
0.007455887047971629,-0.17551738595487645,1.054054054054054
0.013007805801862513,-0.1756953102398584,1.057057057057057
0.01857824946962169,-0.17569717336417068,1.06006006006006
0.024161621100300068,-0.17552198773452393,1.063063063063063
0.029752280008685027,-0.17516894410601877,1.0660660660660661
0.035344547471331804,-0.17463741335390132,1.0690690690690692
0.040932712490692504,-0.1739269480630095,1.072072072072072
0.04651103762150414,-0.17303728393238094,1.075075075075075
0.052073764853492605,-0.1719683409926823,1.078078078078078
0.05761512154436857,-0.17072022463431166,1.0810810810810811
0.0631293263970181,-0.16929322644421677,1.0840840840840842
0.0686105954747023,-0.16768782484967343,1.087087087087087
0.07405314824803072,-0.16590468556746396,1.09009009009009
0.07945121366739855,-0.16394466185710105,1.093093093093093
0.08479903625453658,-0.16180879457694358,1.0960960960960962
0.09009088220676562,-0.1594983120422606,1.0990990990990992
0.09532104550751187,-0.15701462968450555,1.102102102102102
0.10048385403660692,-0.15435934951127303,1.105105105105105
0.10557367567386305,-0.15153425936662437,1.1081081081081081
0.11058492438940502,-0.14854133199167466,1.1111111111111112
0.11551206631421493,-0.1453827238855555,1.1141141141141142
0.12034962578435343,-0.14206077396707115,1.117117117117117
0.12509219135230518,-0.1385780020375939,1.12012012012012
0.129734421758925,-0.13493710704594353,1.1231231231231231
0.13427105185945618,-0.13114096515622503,1.1261261261261262
0.13869689849712905,-0.1271926276198036,1.1291291291291292
0.14300686631787318,-0.12309531845281048,1.132132132132132
0.14719595351970452,-0.11885243192079747,1.135135135135135
0.15125925753040856,-0.11446752983235162,1.1381381381381381
0.1551919806071726,-0.10994433864371411,1.1411411411411412
0.15898943535189536,-0.10528674637663642,1.1441441441441442
0.1626470501359501,-0.10049879935193434,1.147147147147147
0.16616037442826126,-0.09558469874139167,1.15015015015015
0.16952508402062438,-0.09054879694088037,1.1531531531531531
0.17273698614428779,-0.08539559376776207,1.1561561561561562
0.17579202447190798,-0.08012973248582936,1.1591591591591592
0.17868628399908165,-0.07475599566125761,1.162162162162162
0.18141599579977014,-0.06927930085321438,1.165165165165165
0.18397754165003674,-0.06370469614297972,1.1681681681681682
0.18636745851464115,-0.05803735550560399,1.1711711711711712
0.18858244289115253,-0.05228257402832731,1.1741741741741742
0.1906193550063793,-0.04644576298014973,1.177177177177177
0.19247522286004343,-0.04053244473713502,1.1801801801801801
0.1941472461107743,-0.03454824756818662,1.1831831831831832
0.19563279979964263,-0.028498900286207825,1.1861861861861862
0.19692943790660777,-0.022390226769726296,1.1891891891891893
0.198034896735413,-0.01622814036020647,1.1921921921921923
0.1989470981226239,-0.010018638140450717,1.1951951951951951
0.19966415246668007,-0.0037677950996007734,1.1981981981981982
0.2001843615729981,0.0025182418095578353,1.2012012012012012
0.2005062213113499,0.008833259715202489,1.2042042042042043
0.20062842408191925,0.015170985967029925,1.2072072072072073
0.20054986108663134,0.021525094366695027,1.2102102102102101
0.20026962440254112,0.027889211481957908,1.2132132132132132
0.19978700885426523,0.03425692303821263,1.2162162162162162
0.1991015136826407,0.04062178038101638,1.2192192192192193
0.19821284400700115,0.046977307003089754,1.2222222222222223
0.1971209120786674,0.053317005129194975,1.2252252252252251
0.195825838323462,0.05963436235220144,1.2282282282282282
0.19432795217127227,0.06592285831356293,1.2312312312312312
0.19262779267090205,0.07217597142136972,1.2342342342342343
0.19072610888867564,0.07838718559906,1.2372372372372373
0.18862386008947762,0.08454999705782155,1.2402402402402402
0.18632221569913746,0.09065792108566462,1.2432432432432432
0.18382255504729736,0.09670449884609235,1.2462462462462462
0.1811264668901266,0.10268330417926981,1.2492492492492493
0.17823574871247633,0.10858795039855769,1.2522522522522523
0.17515240580930605,0.11441209707524302,1.2552552552552552
0.1718786501464351,0.12014945680430719,1.2582582582582582
0.16841689900091594,0.12579380194403875,1.2612612612612613
0.16476977338155344,0.13133897132231676,1.2642642642642643
0.1609400962303272,0.13677887690239268,1.2672672672672673
0.15693089040572017,0.14210751040100156,1.2702702702702702
0.15274537644916705,0.1473189498516848,1.2732732732732732
0.14838697013610225,0.15240736610619762,1.2762762762762763
0.14385927981328306,0.15736702926695492,1.2792792792792793
0.13916610352432646,0.16219231504348053,1.2822822822822824
0.13431142592561487,0.1668777110258926,1.2852852852852852
0.12929941499494543,0.1714178228685285,1.2882882882882882
0.12413441853555553,0.17580738037685145,1.2912912912912913
0.11882096047834134,0.1800412434908955,1.2942942942942943
0.1133637369853474,0.18411440815855382,1.2972972972972974
0.10776761235780184,0.18802201209212763,1.3003003003003002
0.10203761475219891,0.19175934040164397,1.3033033033033032
0.09617893170814817,0.19532183109855178,1.3063063063063063
0.09019690549191296,0.19870508046352722,1.3093093093093093
0.08409702825977865,0.20190484827222943,1.3123123123123124
0.07788493704559048,0.2049170628729792,1.3153153153153154
0.07156640857700682,0.20773782611046337,1.3183183183183182
0.06514735392519766,0.21036341808971284,1.3213213213213213
0.05863381299294141,0.21279030177473587,1.3243243243243243
0.05203194884621331,0.21501512741636006,1.3273273273273274
0.04534804189459772,0.21703473680397437,1.3303303303303304
0.03858848392598498,0.21884616733604614,1.3333333333333333
0.03175977200122025,0.22044665590444626,1.3363363363363363
0.02486850221453479,0.22183364258779734,1.3393393393393394
0.017921363325725508,0.22300477414924644,1.3423423423423424
0.010925130270253618,0.22395790733424256,1.3453453453453454
0.003886657553533337,0.22469111196410252,1.3483483483483483
-0.003187127464135492,0.22520267382133985,1.3513513513513513
-0.010289231385415695,0.22549109732293854,1.3543543543543544
-0.0174126016898572,0.22555510797796197,1.3573573573573574
-0.024550133737056726,0.22539365462609734,1.3603603603603605
-0.031694677852100665,0.22500591145395604,1.3633633633633633
-0.03883904648622742,0.22439127978616896,1.3663663663663663
-0.04597602144553256,0.22354938964854312,1.3693693693693694
-0.05309836118045694,0.22248010110077288,1.3723723723723724
-0.06019880812869362,0.2211835053364316,1.3753753753753755
-0.067270096104072,0.21965992554820638,1.3783783783783783
-0.07430495772391332,0.2179099175565726,1.3813813813813813
-0.08129613186725078,0.21593427020035413,1.3843843843843844
-0.08823637115630083,0.21373400548784616,1.3873873873873874
-0.09511844945346158,0.21131037850743764,1.3903903903903905
-0.10193516936611435,0.20866487709690631,1.3933933933933933
-0.10867936975145336,0.20579922127081166,1.3963963963963963
-0.11534393321352017,0.2027153624056716,1.3993993993993994
-0.12192179358464736,0.19941548218284,1.4024024024024024
-0.1284059433834457,0.19590199128928082,1.4054054054054055
-0.1347894412415176,0.19217752787666342,1.4084084084084083
-0.141065419291048,0.18824495577947709,1.4114114114114114
-0.14722709050545127,0.18410736249310697,1.4144144144144144
-0.15326775598527978,0.17976805691306663,1.4174174174174174
-0.15918081218160843,0.17523056683684646,1.4204204204204205
-0.1649597580491743,0.17049863623007383,1.4234234234234233
-0.17059820212157104,0.16557622225894927,1.4264264264264264
-0.17608986950086408,0.16046749209116534,1.4294294294294294
-0.18142860875405836,0.15517681946776257,1.4324324324324325
-0.18660839870890925,0.14970878104863028,1.4354354354354355
-0.1916233551416545,0.1440681525346025,1.4384384384384385
-0.1964677373493278,0.1382599045693432,1.4414414414414414
-0.20113595459941047,0.13228919842445352,1.4444444444444444
-0.20562257244967647,0.12616138147148007,1.4474474474474475
-0.20992231893120303,0.11988198244472453,1.4504504504504505
-0.2140300905876281,0.11345670649900293,1.4534534534534536
-0.21794095836387115,0.10689143006671191,1.4564564564564564
-0.22165017333765447,0.10019219551880937,1.4594594594594594
-0.22515317228731688,0.09336520563450613,1.4624624624624625
-0.2284455830895461,0.08641681788471119,1.4654654654654655
-0.23152322994081978,0.07935353853446334,1.4684684684684686
-0.2343821383965051,0.07218201656979394,1.4714714714714714
-0.23701854022172905,0.064909037454682,1.4744744744744744
-0.2394288780483186,0.05754151672393002,1.4774774774774775
-0.2416098098322797,0.05008649341801461,1.4804804804804805
-0.24355821310648304,0.042551123366115724,1.4834834834834836
-0.2452711890234099,0.0349426723237415,1.4864864864864864
-0.2467460661830183,0.027268508971512118,1.4894894894894894
-0.2479804042409926,0.019536097781850847,1.4924924924924925
-0.24897199729285294,0.01175299176048463,1.4954954954954955
-0.24971887702961865,0.003926825069801495,1.4984984984984986
-0.2502193156609405,-0.003934694458718181,1.5015015015015014
-0.25047182860184597,-0.011823792915668407,1.5045045045045045
-0.2504751769194734,-0.01973263800098385,1.5075075075075075
-0.25022836953640776,-0.02765334679973835,1.5105105105105106
-0.24973066518747192,-0.03557799363871877,1.5135135135135136
-0.24898157412707286,-0.04349861801596775,1.5165165165165164
-0.24798085958444932,-0.05140723259536604,1.5195195195195195
-0.24672853896442595,-0.059295831258195875,1.5225225225225225
-0.24522488479152435,-0.06715639720362138,1.5255255255255256
-0.24347042539555314,-0.07498091108984775,1.5285285285285286
-0.2414659453370515,-0.08276135920772176,1.5315315315315314
-0.23921248557122546,-0.09048974167845796,1.5345345345345345
-0.23671134334929445,-0.0981580806670776,1.5375375375375375
-0.23396407185641355,-0.10575842860318654,1.5405405405405406
-0.23097247958562817,-0.11328287640059832,1.5435435435435436
-0.22773862944757978,-0.12072356166732678,1.5465465465465464
-0.22426483761594354,-0.12807267689746982,1.5495495495495495
-0.22055367210888574,-0.13532247763642088,1.5525525525525525
-0.2166079511070576,-0.14246529061094967,1.5555555555555556
-0.21243074100896062,-0.14949352181560246,1.5585585585585586
-0.20802535422476107,-0.15639966454695825,1.5615615615615615
-0.2033953467099201,-0.16317630737727248,1.5645645645645645
-0.19854451524029076,-0.16981614205906032,1.5675675675675675
-0.19347689443057145,-0.1763119713522676,1.5705705705705706
-0.1881967534983225,-0.18265671676566206,1.5735735735735736
-0.18270859277598445,-0.1888434262041955,1.5765765765765767
-0.1770171399736282,-0.19486528151412502,1.5795795795795795
-0.17112734619542877,-0.20071560591776727,1.5825825825825826
-0.16504438171311797,-0.2063878713298519,1.5855855855855856
-0.15877363149992413,-0.2118757055475392,1.5885885885885886
-0.15232069052879416,-0.21717289930625064,1.5915915915915917
-0.1456913588389098,-0.22227341319360688,1.5945945945945945
-0.1388916363748016,-0.22717138441385634,1.5975975975975976
-0.1319277176025892,-0.2318611333953278,1.6006006006006006
-0.1248059859081205,-0.2363371702335773,1.6036036036036037
-0.1175330077820507,-0.24059420096302742,1.6066066066066067
-0.11011552679709533,-0.24462713365007924,1.6096096096096095
-0.10256045738297333,-0.24843108430080807,1.6126126126126126
-0.0948748784047316,-0.2520013825765518,1.6156156156156156
-0.08706602655041136,-0.2553335773108536,1.6186186186186187
-0.07914128953420316,-0.2584234418214191,1.6216216216216217
-0.07110819912144752,-0.26126697901093787,1.6246246246246245
-0.06297442398207397,-0.26386042625080713,1.6276276276276276
-0.054747762379220494,-0.26620026004201497,1.6306306306306306
-0.04643613470001729,-0.2682832004476393,1.6336336336336337
-0.038047575835671366,-0.2701062152916433,1.6366366366366367
-0.029590227418174183,-0.2716665241188723,1.6396396396396395
-0.02107232992113283,-0.27296160191138313,1.6426426426426426
-0.012502214632390625,-0.27398918255647514,1.6456456456456456
-0.003888295506245637,-0.27474726206203465,1.6486486486486487
0.00476093909675591,-0.2752341015150477,1.6516516516516517
0.013436934774352255,-0.27544822977939204,1.6546546546546546
0.02213107954317747,-0.27538844592927075,1.6576576576576576
0.030834712387078817,-0.2750538214149148,1.6606606606606606
0.03953913188466585,-0.2744437019574454,1.6636636636636637
0.048235604907480904,-0.2735577091700578,1.6666666666666667
0.05691537538012731,-0.27239574190295646,1.6696696696696696
0.06556967309353091,-0.27095797730975696,1.6726726726726726
0.07418972256249601,-0.26924487163333966,1.6756756756756757
0.08276675191860401,-0.26725716070943045,1.6786786786786787
0.0912920018294389,-0.2649958601864682,1.6816816816816818
0.09975673443510574,-0.2624622654605966,1.6846846846846846
0.10815224229289531,-0.25965795132492697,1.6876876876876876
0.11646985732097902,-0.2565847713324905,1.6906906906906907
0.12470095973194399,-0.253244856872605,1.6936936936936937
0.13283698694698676,-0.24964061596066572,1.6966966966966968
0.1408694424815601,-0.24577473174167305,1.6996996996996998
0.1487899047932677,-0.24165016070810227,1.7027027027027026
0.15659003608282543,-0.23727013063301328,1.7057057057057057
0.1642615910389097,-0.23263813821960103,1.7087087087087087
0.1717964255177594,-0.22775794646867442,1.7117117117117118
0.17918650514842438,-0.2226335817658529,1.7147147147147148
0.18642391385460136,-0.21726933069056395,1.7177177177177176
0.19350086228406319,-0.2116697365492146,1.7207207207207207
0.2004096961367594,-0.20583959563519386,1.7237237237237237
0.20714290438271457,-0.19978395321867662,1.7267267267267268
0.21369312736097976,-0.19350809926944992,1.7297297297297298
0.2200531647509451,-0.18701756391630453,1.7327327327327327
0.22621598340745286,-0.18031811264679182,1.7357357357357357
0.2321747250512628,-0.1734157412514247,1.7387387387387387
0.23792271380652064,-0.1663166705167028,1.7417417417417418
0.24345346357704964,-0.15902734067157015,1.7447447447447448
0.248760685253384,-0.1515544055922319,1.7477477477477477
0.25383829374265293,-0.1439047267704678,1.7507507507507507
0.25868041481354626,-0.13608536705088645,1.7537537537537538
0.2632813917487808,-0.12810358414278777,1.7567567567567568
0.2676357917976606,-0.11996682391255102,1.7597597597597598
0.2717384124214867,-0.1116827134627387,1.7627627627627627
0.27558428732479384,-0.1032590540042962,1.7657657657657657
0.27916869226555935,-0.09470381352850904,1.7687687687687688
0.28248715063775703,-0.08602511928557162,1.7717717717717718
0.28553543881983434,-0.07723125007684896,1.7747747747747749
0.2883095912829106,-0.06833062836813089,1.7777777777777777
0.2908059054527238,-0.05933181223138686,1.7807807807807807
0.29302094631958897,-0.05024348712271222,1.7837837837837838
0.2949515507908712,-0.041074457504368535,1.7867867867867868
0.29659483178072515,-0.03183363831898411,1.7897897897897899
0.2979481820321039,-0.022530046324171667,1.7927927927927927
0.29900927766630225,-0.01317279129598918,1.7957957957957957
0.29977608145556467,-0.0037710671098121606,1.7987987987987988
0.3002468458145565,0.005665857292632908,1.8018018018018018
0.30042011550677633,0.015128647041232467,1.8048048048048049
0.30029473006226354,0.024607910571395837,1.8078078078078077
0.2998698259032438,0.03409420894480906,1.8108108108108107
0.2991448381746433,0.04357806524777165,1.8138138138138138
0.29811950227669665,0.05304997405774813,1.8168168168168168
0.2967938550971664,0.06250041096871112,1.8198198198198199
0.2951682359410007,0.07191984216569068,1.822822822822823
0.29324328715555187,0.08129873403893313,1.8258258258258258
0.2910199544497856,0.09062756282798229,1.8288288288288288
0.2884994869062274,0.09989682428590616,1.8318318318318318
0.2856834366846899,0.10909704335390115,1.834834834834835
0.2825736584171526,0.11821878383640705,1.837837837837838
0.27917230829347056,0.12725265806687372,1.8408408408408408
0.275481842837903,0.1361893365543012,1.8438438438438438
0.2715050173767814,0.1450195576006284,1.8468468468468469
0.2672448841979353,0.15373413687910384,1.84984984984985
0.2627047904028306,0.16232397696372608,1.852852852852853
0.25788837545268084,0.17078007679989812,1.8558558558558558
0.2527995684101047,0.17909354110647127,1.8588588588588588
0.24744258487824117,0.18725558969936118,1.8618618618618619
0.24182192363951552,0.1952575667270233,1.864864864864865
0.23594236299659668,0.20309094980808576,1.867867867867868
0.22980895681838195,0.21074735906153555,1.8708708708708708
0.22342703029413497,0.2182185660199586,1.8738738738738738
0.21680217539927377,0.22549650241634883,1.8768768768768769
0.20994024607652398,0.23257326883521023,1.87987987987988
0.20284735313653066,0.239441143218693,1.882882882882883
0.1955298588822837,0.24609258921867555,1.8858858858858858
0.18799437146198839,0.252520264385847,1.8888888888888888
0.1802477389553767,0.2587170281869191,1.8918918918918919
0.17229704319863887,0.26467594984134024,1.894894894894895
0.16414959335353532,0.2703903159689579,1.897897897897898
0.1558129192264561,0.27585363804030266,1.9009009009009008
0.14729476434349675,0.28105965962132096,1.9039039039039038
0.13860307878790765,0.2860023634045577,1.906906906906907
0.12974601180646742,0.2906759780190276,1.90990990990991
0.12073190419167214,0.2950749846111658,1.912912912912913
0.1115692804468085,0.29919412318950184,1.9159159159159158
0.10226684074125457,0.30302839872590304,1.9189189189189189
0.09283345266360782,0.30657308700645314,1.921921921921922
0.08327814278040359,0.30982374022529635,1.924924924924925
0.07361008800847207,0.312776192314992,1.927927927927928
0.06383860680917607,0.31542656400718666,1.9309309309309308
0.05397315021293885,0.31777126761767904,1.9339339339339339
0.044023292682749945,0.3198070115501919,1.936936936936937
0.03399872282542763,0.32153080451346805,1.93993993993994
0.023909233959673246,0.32293995944655796,1.942942942942943
0.013764714550102444,0.3240320971474643,1.945945945945946
0.00357513851656819,0.3248051496005959,1.9489489489489489
-0.006649444571692828,0.3252573629987748,1.951951951951952
-0.016898919407485766,0.3253873004558424,1.954954954954955
-0.027163114952851234,0.325193844406216,1.957957957957958
-0.037431814532138216,0.3246761986880533,1.960960960960961
-0.04769476600095232,0.3238338903069994,1.9639639639639639
-0.05794169198082946,0.3226667708778061,1.966966966966967
-0.06816230014945324,0.321175017741434,1.96996996996997
-0.0783462935760857,0.3193591347555742,1.972972972972973
-0.08848338109184802,0.31721995275685394,1.975975975975976
-0.0985632876844135,0.314758629693316,1.978978978978979
-0.10857576490661396,0.31197665042609973,1.981981981981982
-0.11851060128841569,0.30887582619958454,1.984984984984985
-0.1283576327417059,0.3054582937795892,1.987987987987988
-0.1381067529472857,0.3017265142595634,1.990990990990991
-0.1477479237134773,0.2976832715350399,1.993993993993994
-0.15727118529573572,0.29333167044695807,1.996996996996997
-0.16666666666666574,0.2886751345948134,2.0
-0.17592459572588365,0.283717403820915,2.003003003003003
-0.18503530943917237,0.2784625313673856,2.006006006006006
-0.19398926389644403,0.2729148807078627,2.009009009009009
-0.20277704427806273,0.2670791220562072,2.012012012012012
-0.21138937471913746,0.2609602285548634,2.015015015015015
-0.21981712806151332,0.25456347214582337,2.018018018018018
-0.2280513354832004,0.24789441912752821,2.021021021021021
-0.23608319599516522,0.24095892540130762,2.024024024024024
-0.24390408579544773,0.23376313141133298,2.027027027027027
-0.25150556747070746,0.22631345678236925,2.03003003003003
-0.25887939903545437,0.21861659465990813,2.033033033033033
-0.2660175427993151,0.2106795057576172,2.036036036036036
-0.27291217405286816,0.202509412117326,2.039039039039039
-0.27955568956273547,0.19411379058707343,2.042042042042042
-0.28594071586676184,0.185500366023076,2.045045045045045
-0.29206011736033477,0.17667710422172297,2.048048048048048
-0.29790700416504284,0.16765220458804578,2.051051051051051
-0.3034747397710965,0.1584340925473642,2.054054054054054
-0.3087569484451405,0.14903141170708648,2.057057057057057
-0.31374752239527676,0.13945301577596045,2.06006006006006
-0.31844062868539225,0.12970796024825063,2.063063063063063
-0.3228307158910556,0.11980549386069463,2.066066066066066
-0.3269125204895471,0.10975504983023131,2.069069069069069
-0.33068107297680804,0.09956623688079627,2.0720720720720722
-0.3341317037043461,0.0892488300677361,2.075075075075075
-0.33726004842943486,0.07881276140853416,2.078078078078078
-0.34006205357217184,0.06826811032888926,2.081081081081081
-0.3425339811732842,0.057625093933276555,2.084084084084084
-0.34467241354683464,0.04689405710939646,2.0870870870870872
-0.34647425762227774,0.03608546247609616,2.09009009009009
-0.3479367489706277,0.025209880184510394,2.093093093093093
-0.34905745550979206,0.014277977582391339,2.096096096096096
-0.34983428088445306,0.0033005087517025116,2.099099099099099
-0.3502654675161874,-0.007711696070250721,2.1021021021021022
-0.3503495993198414,-0.018747741175741416,2.105105105105105
-0.3500856040825094,-0.029796676167069318,2.108108108108108
-0.3494727555017947,-0.04084750682184075,2.111111111111111
-0.3485106748803708,-0.051889206032321965,2.114114114114114
-0.34719933247419954,-0.06291072480799519,2.1171171171171173
-0.345539048492115,-0.07390100333029048,2.12012012012012
-0.34353049374481803,-0.08484898204849656,2.123123123123123
-0.34117468994169287,-0.09574361280566486,2.126126126126126
-0.33847300963419874,-0.1065738699833487,2.129129129129129
-0.33542717580494447,-0.11732876165395151,2.1321321321321323
-0.33203926110192994,-0.12799734072936061,2.135135135135135
-0.32831168671776595,-0.13856871609462926,2.1381381381381384
-0.3242472209140855,-0.14903206371532096,2.141141141141141
-0.3198489771916689,-0.15937663770727908,2.144144144144144
-0.31512041210722086,-0.1695917813574412,2.1471471471471473
-0.31006532273806015,-0.1796669380844461,2.15015015015015
-0.3046878437963492,-0.1895916623277877,2.1531531531531534
-0.29899244439488415,-0.1993556303542523,2.156156156156156
-0.2929839244667592,-0.20894865097055382,2.159159159159159
-0.2866674108416539,-0.21836067613100854,2.1621621621621623
-0.2800483529817902,-0.22758181142927086,2.165165165165165
-0.2731325183809757,-0.23660232646320786,2.1681681681681684
-0.26592598763052183,-0.24541266506206383,2.171171171171171
-0.2584351491561337,-0.254003455365235,2.174174174174174
-0.25066669363025174,-0.2623655197420392,2.1771771771771773
-0.2426276080646444,-0.27048988454203776,2.18018018018018
-0.23432516958838173,-0.27836778966560877,2.1831831831831834
-0.22576693891668537,-0.28599069794459564,2.186186186186186
-0.21696075351642957,-0.2933503043230724,2.189189189189189
-0.20791472047443915,-0.30043854482839377,2.1921921921921923
-0.19863720907501606,-0.3072476053229188,2.195195195195195
-0.1891368430934369,-0.31376993002699166,2.1981981981981984
-0.17942249281250314,-0.31999822980394543,2.201201201201201
-0.16950326676947078,-0.32592549019815537,2.204204204204204
-0.1593885032410318,-0.33154497921735254,2.2072072072072073
-0.14908776147427968,-0.33685025485067127,2.21021021021021
-0.13861081267183376,-0.34183517231416166,2.2132132132132134
-0.12796763073967324,-0.34649389101570066,2.2162162162162162
-0.11716838280634946,-0.3508208812315755,2.219219219219219
-0.10622341952262519,-0.3548109304872184,2.2222222222222223
-0.09514326515077387,-0.35845914963488895,2.225225225225225
-0.08393860745297982,-0.3617609786213925,2.2282282282282284
-0.07262028738862082,-0.36471219193918375,2.2312312312312312
-0.0611992886302762,-0.3673089037545604,2.234234234234234
-0.04968672690865874,-0.3695475727069169,2.2372372372372373
-0.038093839196763984,-0.37142500637337755,2.24024024024024
-0.026431972743764173,-0.37293836539343905,2.2432432432432434
-0.01471257396937946,-0.37408516724858226,2.2462462462462462
-0.0029471772295355855,-0.37486328969216337,2.249249249249249
0.00885260653560751,-0.375270973825221,2.2522522522522523
0.02067510126012329,-0.3753068268141954,2.255255255255255
0.032508577305968074,-0.37496982424690345,2.2582582582582584
0.044341263100347764,-0.37425931212347185,2.2612612612612613
0.05616135684530682,-0.3731750084792946,2.264264264264264
0.0679570382878599,-0.37171700463744023,2.2672672672672673
0.079716480538922,-0.36988576608831397,2.27027027027027
0.0914278619292605,-0.36768213299473806,2.2732732732732734
0.10307937789052692,-0.36510732032100507,2.2762762762762763
0.11465925284948997,-0.3621629175848194,2.279279279279279
0.12615575212345653,-0.35885088823143224,2.2822822822822824
0.13755719380486325,-0.35517356862965893,2.285285285285285
0.14885196062304887,-0.35113366668983054,2.2882882882882885
0.16002851177110436,-0.3467342601041511,2.2912912912912913
0.1710753946858551,-0.341978794210263,2.294294294294294
0.18198125676888588,-0.33687107947926354,2.2972972972972974
0.19273485703666546,-0.33141528862975894,2.3003003003003
0.20332507768784241,-0.3256159533699295,2.3033033033033035
0.213740935575773,-0.3194779607699965,2.3063063063063063
0.22397159357454097,-0.31300654926779364,2.309309309309309
0.2340063718266593,-0.3062073043106015,2.3123123123123124
0.2438347588608423,-0.29908615363672353,2.315315315315315
0.2534464225683071,-0.29164936220066895,2.3183183183183185
0.2628312210261473,-0.2839035267462018,2.3213213213213213
0.2719792131565107,-0.27585557003183947,2.324324324324324
0.2808806692103888,-0.2675127347137905,2.3273273273273274
0.28952608106501765,-0.2588825768916526,2.33033033033033
0.297906172324047,-0.24997295932254313,2.3333333333333335
0.3060119082097759,-0.24079204430971798,2.3363363363363363
0.31383450523699125,-0.23134828627202614,2.339339339339339
0.3213654406580873,-0.2216504240009362,2.3423423423423424
0.32859646166938083,-0.21170747261218126,2.3453453453453452
0.33551959436877254,-0.2015287151993573,2.3483483483483485
0.3421271524550598,-0.19112369419723588,2.3513513513513513
0.3484117456595467,-0.1805022024627195,2.354354354354354
0.35436628790075436,-0.16967427408180033,2.3573573573573574
0.3599840051533417,-0.15865017491111683,2.3603603603603602
0.3652584430226203,-0.1474403928629648,2.3633633633633635
0.37018347401626894,-0.1360556279430126,2.3663663663663663
0.37475330450522043,-0.12450678205008599,2.369369369369369
0.37896248136591304,-0.11280494854779688,2.3723723723723724
0.3828058982964534,-0.10096140161794205,2.3753753753753752
0.38627880179952834,-0.08898758540588521,2.3783783783783785
0.38937679682521564,-0.07689510296839948,2.3813813813813813
0.3920958520672007,-0.06469570503457601,2.3843843843843846
0.39443230490620385,-0.052401278590750715,2.3873873873873874
0.3963828659947983,-0.040023835300464876,2.3903903903903903
0.39794462347812287,-0.027575499770793196,2.3933933933933935
0.39911504684536103,-0.01506849767648459,2.3963963963963963
0.39989199040722123,-0.002515143753521724,2.3993993993993996
0.40027369639500854,0.010072170326076678,2.4024024024024024
0.40025879767726175,0.022680988186293365,2.4054054054054053
0.3998463200902987,0.03529880107390853,2.4084084084084085
0.39903568437940007,0.04791306026784131,2.4114114114114114
0.3978267077477436,0.06051118955876201,2.4144144144144146
0.3962196050105921,0.07308059778652867,2.4174174174174174
0.3942149893526315,0.08560869142297173,2.4204204204204203
0.3918138726867496,0.09808288718744766,2.4234234234234235
0.38901766561295315,0.11049062468250241,2.4264264264264264
0.3858281769765007,0.12281937903702402,2.4294294294294296
0.3822476130247639,0.1350566735440773,2.4324324324324325
0.3782785761627005,0.14719009228074467,2.4354354354354353
0.3739240633072497,0.15920729269717862,2.4384384384384385
0.3691874638413681,0.17109601816209727,2.4414414414414414
0.36407255716879744,0.18284411045204046,2.4444444444444446
0.35858350987111753,0.19443952217159055,2.4474474474474475
0.3527248724689837,0.20587032909195163,2.4504504504504503
0.34650157578989826,0.2171247423952225,2.4534534534534536
0.339918926945243,0.22819112081182288,2.4564564564564564
0.3329826049197009,0.2390579826386077,2.4594594594594597
0.32569865577661805,0.24971401762525391,2.4624624624624625
0.3180734874832122,0.26014809871667594,2.4654654654654653
0.3101138643599708,0.27034929363927557,2.4684684684684686
0.3018269011589405,0.28030687631900475,2.4714714714714714
0.2932200567759982,0.2900103381193611,2.4744744744744747
0.28430112760260123,0.299449398887552,2.4774774774774775
0.2750782405228534,0.3086140177972819,2.4804804804804803
0.2655598455621118,0.3174944039767666,2.4834834834834836
0.255754708193757,0.32608102691074836,2.4864864864864864
0.24567190131102906,0.3343646266055593,2.4894894894894897
0.2353207968712843,0.342336223506403,2.4924924924924925
0.22471105722029433,0.3499871281563263,2.4954954954954953
0.21385262610458416,0.3573089505865522,2.4984984984984986
0.20275571938016865,0.36429360942807887,2.5015015015015014
0.19143081542628335,0.370933340734767,2.5045045045045047
0.17988864527313492,0.3772207065083303,2.5075075075075075
0.1681401824529126,0.383148602915986,2.5105105105105103
0.15619663258364355,0.3887102681917806,2.5135135135135136
0.14406942269579726,0.39389929021289505,2.5165165165165164
0.13177019031172785,0.3987096137425871,2.5195195195195197
0.11931077228844884,0.40313554733168466,2.5225225225225225
0.1067031934343568,0.40717176987093096,2.5255255255255253
0.09395965491089725,0.41081333678676546,2.5285285285285286
0.08109252243033939,0.4140556858734985,2.5315315315315314
0.06811431426103458,0.41689464275518884,2.5345345345345347
0.055037689051853245,0.41932642597086595,2.5375375375375375
0.04187543348756725,0.42134765167713945,2.5405405405405403
0.028640449787271437,0.4229553379625792,2.5435435435435436
0.015345743058050422,0.4241469087686485,2.5465465465465464
0.002004408516257816,0.424920197412353,2.5495495495495497
-0.011370381411000477,0.4252734497061539,2.5525525525525525
-0.02476539009149673,0.4252053266710958,2.5555555555555554
-0.03816732978777719,0.4247149068394981,2.5585585585585586
-0.05156287483834358,0.4238016881439654,2.5615615615615615
-0.06493867490708263,0.42246558938988277,2.5645645645645647
-0.07828136828773277,0.4207069513089726,2.5675675675675675
-0.09157759525015255,0.4185265371919112,2.5705705705705704
-0.10481401141505516,0.41592553309841757,2.5735735735735736
-0.11797730114379618,0.41290554764366066,2.5765765765765765
-0.13105419092985043,0.40946861136023205,2.5795795795795797
-0.1440314627784246,0.40561717563539257,2.5825825825825826
-0.1568959675607985,0.40135411122369186,2.5855855855855854
-0.16963463832987108,0.39668270633551417,2.5885885885885886
-0.18223450358342172,0.3916066643025306,2.5915915915915915
-0.19468270046169656,0.38613010082143506,2.5945945945945947
-0.20696648786581784,0.3802575407778256,2.5975975975975976
-0.2190732594837217,0.37399391465246123,2.6006006006006004
-0.23099055671027666,0.36734455451259407,2.6036036036036037
-0.24270608144837283,0.36031518959147796,2.6066066066066065
-0.2542077087778608,0.3529119414595749,2.6096096096096097
-0.26548349947927713,0.3451413187914248,2.6126126126126126
-0.2765217123994831,0.33701021173252,2.6156156156156154
-0.2873108166464041,0.3285258858709797,2.6186186186186187
-0.29783950360024536,0.3196959758192026,2.6216216216216215
-0.30809669872871653,0.31052847841107667,2.6246246246246248
-0.31807157319392737,0.3010317455207562,2.6276276276276276
-0.32775355523885863,0.29121447650936727,2.630630630630631
-0.33713234134145575,0.2810857103064289,2.6336336336336337
-0.34619790712464277,0.2706548171331261,2.6366366366366365
-0.3549405180107279,0.25993148987499404,2.6396396396396398
-0.3633507396089584,0.24892573511188448,2.6426426426426426
-0.3714194478251891,0.23764786381348785,2.645645645645646
-0.37913783868289025,0.22610848170903333,2.6486486486486487
-0.386497437845009,0.21431847934011242,2.6516516516516515
-0.39349010982643845,0.20228902180595823,2.6546546546546548
-0.40010806688718015,0.19003153821079014,2.6576576576576576
-0.40634387759657187,0.17755771082315935,2.660660660660661
-0.4121904750592293,0.1648794639576152,2.6636636636636637
-0.4176411647937364,0.15200895258918787,2.6666666666666665
-0.42268963225538136,0.13895855071160812,2.66966966966967
-0.4273299499946243,0.12574083945036785,2.6726726726726726
-0.4315565844433173,0.11236859494201448,2.675675675675676
-0.4353644023210307,0.09885477599140817,2.6786786786786787
-0.4387486766542531,0.0852125115187826,2.6816816816816815
-0.44170509240155564,0.07145508780884305,2.684684684684685
-0.44422975167823786,0.05759593557421071,2.6876876876876876
-0.44631917857433084,0.043648616845844784,2.690690690690691
-0.4479703235602404,0.029626811703244157,2.6936936936936937
-0.4491805674747234,0.015544304857364043,2.6966966966966965
-0.44994772509028225,0.0014149720994767597,2.6996996996997
-0.45027004825149625,-0.012747233370773449,2.7027027027027026
-0.4501462285822147,-0.02692829472461112,2.705705705705706
-0.4495753997579681,-0.04111414537705183,2.7087087087087087
-0.44855713934038394,-0.05529068293981234,2.7117117117117115
-0.447091470170824,-0.0694437832403301,2.714714714714715
-0.4451788613209037,-0.08355931439297261,2.7177177177177176
-0.44282022859798575,-0.09762315090843461,2.720720720720721
-0.4400169346041967,-0.11162118782719788,2.7237237237237237
-0.4367707883479471,-0.12553935486296167,2.7267267267267266
-0.43308404440739545,-0.13936363054182474,2.72972972972973
-0.42895940164574337,-0.1530800563230305,2.7327327327327327
-0.4244000014786885,-0.16667475068707593,2.735735735735736
-0.41940942569484047,-0.18013392317692134,2.7387387387387387
-0.41399169383031165,-0.19344388837818494,2.7417417417417416
-0.40815126009920444,-0.20659107982406477,2.744744744744745
-0.4018930098821119,-0.21956206381094046,2.7477477477477477
-0.39522225577522435,-0.23234355311058072,2.750750750750751
-0.388144733203097,-0.24492242056493732,2.7537537537537538
-0.3806665955985229,-0.2572857125497047,2.7567567567567566
-0.372794409153483,-0.2694206622927675,2.75975975975976
-0.36453514714550056,-0.28131470303392875,2.7627627627627627
-0.3558961838442131,-0.29295548101235225,2.765765765765766
-0.34688528800339896,-0.3043308682683155,2.7687687687687688
-0.33751061594410303,-0.3154289752460565,2.7717717717717716
-0.3277807042349708,-0.3262381631846144,2.774774774774775
-0.31770446197626545,-0.33674705628381896,2.7777777777777777
-0.30729116269449086,-0.34694455363273413,2.780780780780781
-0.2965504358549444,-0.3568198408880831,2.7837837837837838
-0.2854922579999003,-0.36636240169043016,2.7867867867867866
-0.27412694352056116,-0.37556202880608974,2.78978978978979
-0.262465135071254,-0.3844088349830305,2.7927927927927927
-0.25051779363472454,-0.3928932635092964,2.795795795795796
-0.2382961882478255,-0.4010060984626892,2.798798798798799
-0.22581188539713357,-0.4087384746408395,2.8018018018018016
-0.2130767380945088,-0.41608188716099126,2.804804804804805
-0.2001028746428584,-0.4230282007192116,2.8078078078078077
-0.18690268710271696,-0.4295696584990336,2.810810810810811
-0.17348881947065148,-0.43569889071983814,2.813813813813814
-0.15987415558067927,-0.4414089228156924,2.8168168168168166
-0.14607180674033968,-0.44669318323563806,2.81981981981982
-0.13209509911320383,-0.45154551085685557,2.8228228228228227
-0.11795756085999419,-0.4559601620024495,2.825825825825826
-0.10367290905072166,-0.45993181705600156,2.828828828828829
-0.0892550363604489,-0.4634555866654396,2.8318318318318316
-0.07471799756165048,-0.4665270175291335,2.834834834834835
-0.06007599582622711,-0.4691420977575768,2.8378378378378377
-0.04534336885056116,-0.4712972618043924,2.840840840840841
-0.03053457481717332,-0.4729893949608339,2.843843843843844
-0.015664178206685652,-0.4742158374083872,2.8468468468468466
-0.0007468354740531225,-0.47497438782449397,2.84984984984985
0.014202719396866223,-0.4752633065368747,2.8528528528528527
0.029169689446182173,-0.475081318222361,2.855855855855856
0.04413922938386824,-0.47442761414660134,2.858858858858859
0.05909646031423672,-0.47330185394146035,2.8618618618618616
0.07402648452434633,-0.4717041669173824,2.864864864864865
0.088914400321661,-0.4696351529084634,2.8678678678678677
0.10374531690619984,-0.46709588264842583,2.870870870870871
0.11850436926229461,-0.4640878976761739,2.873873873873874
0.133176733055116,-0.4606132097700618,2.876876876876877
0.14774763951698944,-0.4566742999104939,2.87987987987988
0.16220239030860764,-0.45227411677093293,2.8828828828828827
0.17652637234014928,-0.44741607473788175,2.885885885885886
0.19070507253737082,-0.44210405146087306,2.888888888888889
0.20472409253780674,-0.4363423849339543,2.891891891891892
0.21856916330210877,-0.4301358701106839,2.894894894894895
0.23222615962580995,-0.4234897550550524,2.8978978978978978
0.24568111453669486,-0.41640973663127917,2.900900900900901
0.2589202335631308,-0.40890195573587446,2.903903903903904
0.2719299088588433,-0.4009729920757979,2.906906906906907
0.28469673316960037,-0.39262985849708815,2.90990990990991
0.2972075136275877,-0.3838799948686892,2.9129129129129128
0.3094492853592269,-0.374731261526757,2.915915915915916
0.3214093248924709,-0.36519193228511015,2.918918918918919
0.33307516334972864,-0.355270687017963,2.921921921921922
0.3444345994127369,-0.3449766038215501,2.924924924924925
0.3554757120459905,-0.334319150761605,2.9279279279279278
0.36618687296543906,-0.32330817721418925,2.930930930930931
0.37655675883948675,-0.3119539048077042,2.933933933933934
0.3865743632095285,-0.3002669179743726,2.936936936936937
0.3962290081174907,-0.2882581541199138,2.93993993993994
0.40551035542818964,-0.275938893420455,2.942942942942943
0.4144084178345255,-0.2633207482561919,2.945945945945946
0.42291356953385373,-0.2504156522916751,2.948948948948949
0.4310165565642147,-0.23723584921292024,2.951951951951952
0.43870850678934736,-0.22379388113201165,2.954954954954955
0.44598093952183204,-0.2101025766700951,2.957957957957958
0.45282577477398184,-0.19617503873009892,2.960960960960961
0.45923534212647615,-0.18202463197083119,2.963963963963964
0.46520238920512313,-0.1676649699943634,2.966966966966967
0.47072008975644725,-0.1531099022590549,2.96996996996997
0.4757820513132693,-0.13837350073068244,2.972972972972973
0.4803823224417522,-0.12347004628462936,2.975975975975976
0.4845153995618528,-0.10841401487221872,2.978978978978979
0.4881762333335115,-0.09322006346456735,2.981981981981982
0.49136023460131245,-0.07790301578768123,2.984984984984985
0.494063279890822,-0.06247784786256098,2.987987987987988
0.4962817164501982,-0.046959673364522524,2.990990990990991
0.49801236683114597,-0.031363728815991115,2.993993993993994
0.4992525330037289,-0.015705358627268306,2.996996996996997
0.5,-6.123233995736766e-16,3.0
